,text_string_lem
0,mezclar aliñar aceite vinagre sal servir fresquito
1,calentar aceite par dientes ajo pelados freír pechuga muslo fuego fuerte acompañar patatas fritas
2,hacer pez espada plancha
3,cortar patatas daditos freír patatas abundante aceite fuego lento mientras fríen batir huevos mezclar dar vuelta montón veces tal
4,hacer tortillas francesa aceite huevo queso par huevos quiere atún
5,prepararlos filetes lomo cerdo plancha aceite poca sal
6,picar manzana preferiblemente tipo ácida granny fina mezclar yogur pimienta zumo medio limón hacer salsilla poner resto ingredientes bol remover
7,freir chuletas abundante aceite minutos cada lado retirar chuletas grasa queda freir almendras ojo hacen pronto esten tostaditas añadir vino mucha cantidad poner salsa chuletas servir patatas fritas
8,poner doradas recipiente sal humedecida haga costra hacer horno minutos puede acompa ensalada patatas cocidas
9,poner merluza plancha aceite sal puede acompa peque ensalada
10,entrecot plancha acompañar patatas fritas
11,cocer gambas ponerlas ensalada
12,parte solomillo tacos macera aliño hecho pimentón dulce picante ajo limón aceite oliva mejor macere varias horas pinchan elementos brocheta hacen plancha
13,pelar gambas añadir cascarujas ponerlas cocer poner aceite cubra exceso sofreir cebolla luego pimiento verde poner carne cuadraditos poner calamares poner ajo picado perejil pimienta grano añadir gambas peladas poner tomate echar arroz freirlo echar agua gambas azafrán doble agua arroz corregir sal minutos fuego fuerte fuego débil reposar poner guisantes
14,cazuela poner fuego agua sal empiece hervir adir arroz dejar cocer minutos vez hecho escurre refresca agua ali aceite mezclar arroz queso jam manzana decorar nueces acompa mayonesa
15,pochar brevemente ajo cebollas cortadas finas aceite oliva añadir salchichas laurel pimienta rehogar cubrir vino cocer fuego vivo minutos añadir amontillado dejando cocer minutos mas queda seco añadir agua
16,hacer pollo plancha cocer arroz agua sal minutos escurrir pasarlo agua fria reservar fuente hacer cama arroz cocido tomate rodajas alrededor colocar pechuga tiras ajo picado guisantes pepinillos picados cebolletas cebollas juliana ultimo ali ensalada sal gorda aceite vinagre
17,cortar ingredientes cortables mezclarlos cortables ali vinagreta normal corriente
18,cocer arroz calentar tomate freir huevo per capita zarshishas
19,cortar lomo tiras enrolla jam york empana
20,hacer ensalada normal corriente pechuga pollo plnasha bacon
21,hacer filetes pollo plancha oregano tomillo
22,saltear guisantes jamon
23,cocer spaguetti hacer bacon plancha añadir spaguetti ultimo añadir nata pimienta gusto
24,hacer pizza
25,mezclar ingredientes revolver
26,pelar manzanas cortarlas gajos rociarlas zumo limón pelar apio cortarlo rodajas finas mezclarlos ensaladera mezclar mahonesa nata sazonar sal pimienta añadir nueces reservando adornar verter crema ensalada manzana apio mezclar bien espolvorear superficie nueces reservadas servir
27,cortar calabacines cebolla trozos peque sofreir adir gambas cocer macarrones fuente poner calabacin cebolla gambas queso rallado macarrones mezclar bien
28,cortar tomate queso rodajas puede ali aceite oregano tomillo
29,tomates maduros 200 bacalao desalado desmigado 150 queso cabra unas ramitas cebollino dientes ajo decilitro aceite oliva virgen centilitros vinagre picar ajo spfreirlo poner bacalao crudo plato ajo comience hervir vierte aceite bacalao ade vinagre deja macerar junto minutos escurre bacalo guarda liquido utilizara vinagreta desmiga queso corta rodajas finas tomate montan capas estilo milhojas intercalando tomate bacalao queso ali vinagreta espolvorea cebollino picado
30,colocar alrededor fuente endivias piña troceada centro añadir atún aceitunas sazonar hojas endivias aliñar mahonesa ligera añadir tronquitos marisco troceados
31,desmigar pollo pechuga plancha limpiar cogollos cortarlos juliana fina añadir piñones yogur queso fresco rociar zumo medio limon
32,tomates grandes pepino cebolla mediana pimiento verde 200 queso feta aceitunas negras cucharadas perejil cucharada alcaparras cucharada oregano cucharadas aceite oliva cucharada vinagre sal pmienta molida lavar verduras cortarlas rodajas mezclar ingredientes fuente aliñar vinagre aceite salpimentar
33,cebolletas pimiento verde yemas huevo cocido cucharadas aceite cucharadas vinagre tomates 225 paletilla iberica melon huevos cocidos cortar tomates gajos melon taquitos pequeños paletilla tiritas vaciar huevos yema rellenarlos parte vinagreta taquitos melon tiritas paletilla vinagreta mezclar cebolletas pimiento verde yemas huevos aceite vinagre
34,comprar atún hacerlo plancha
35,calentar aceite sartén freir cebolla pelada picada ajos picados láminas cebolla transparente adir tomates pelados picados pimientos cortados trocitos peque rehogar haga lavar bonito quitar piel espina centro separar cuatro cuartos sazonar sal pimienta cocerlo salsa cinco siete minutos
36,pelar picar cebolla ajos lavar cortar tiras pimientos calentar aceite cazuela freír pimientos ajos cebolla medio hacer añadir tomates pelados dados pelar lavar patatas cortarlas trozos chascarlas rehogarlas encima refrito anterior cubrirlas agua cocerlas casi media hora sazonar limpiar bonito cortarlo trozos sazonarlo añadirlo cazuela tiempo guindilla comprobar punto sazón necesario añadir agua cocer cinco minutos reposar servir
37,descongelar hojaldre cocer minutos tres huevos pelarlos cortarlos rodajas reservar huevo cocer triturar ingredientes relleno cebolla pimiento verde pimiento rojo tomate frito aceite azúcar mezcla triturada sofríe minutos sartén mezcla atún amasar hojaldre rodillo creando dos rectángulos base tapa encima base pone sofrito rodajas huevo duro tapa rectángulo pintar masa clara huevo quedó reservado cocer quede brillante meter horno 20minutos 200º superficie pincha tenedor
38,cuecen macarrones mezclan pimiento atún mantequilla dora añade pimienta gusto
39,untar solomillos mantequilla ponerlos cazuela adir copa jerez jam tacos ponerlo fuego lento mitad cocci adir cebolla picada juliana fina agua sal
40,poner salsa tomate echarle fetuchinis poder ser cocidos
41,coger cuatro quesos ponerle tallarines poder ser cocidos
42,hace vinagreta tomate pimientos cebolletas zanahoria ali aceite vinagre sal mezclan habichuelas hace jam plancha pone junto come
43,bandeja horno ponemos tomate cebolla cortada rodajas finas encima colocamos dorada limpia dentro entera hacemos par cortes lomo all introducimos unas rodajas lim condimentamos sal perejil continuaci adimos aceite oliva introducimos horno 180 minutos asada aunque depende tama servimos acompa adas guarnici tomate cebolla asados doradas
44,dejar albahaca aceite par horas pica mezclan maiz queso burgos tomate cherry ali aceite vinagre dena sal
45,salpimentar puntas solomillo freirlas mantequilla derretida sartén par minutos cada lado sacarlos reservarlos añadir misma sartén oporto cocer minutos fuego vivo incorporar mostaza nata líquida maizena disuelta unas gotas limón cocer introducir nuevo filetes salsa den hervores colocarlos fuente cubrirlos salsa servirlos calientes arroz basmati
46,cuecer arroz basmati cortar pimiento tiras saltear anacardos desalados freir pollo plancha dejarlo tostado adir junto salsa soja
47,limpiar lavar bien hojas albahaca poner albahaca piñones nueces requesón tomate queso parmesano reggiano sal azúcar aceite batidora batir obtener salsa cremosa suave cocer espagueti abundante agua salada escurrirlos mezclar pasta pesto añadiendo tomatitos cortados rodajas
48,desalar bacalao horas cambiando agua frecuencia enharinar sofreir añadir tomate frito gambas salteadas
49,hacer mayonesa batir huevo clara inclu sal aceite despacito quedar espesito cocer huevo picar clara paquete aceitunas adir par latas desmenuzado picar calra huevo fina conserar yema rayarla final est poner patata cocer cuatro tres personas forma termine est caliente patata enfr sale tan bien hagan cortaremos rodajas finas cubrimos agua ponemos fuego pizca sal echamos solo aceite latas atun demenuzamos aceitunas huevo picado echamos mayonesa machacamos conseguir pasta uniforme apartamos dos montones cada lado luego mezclar bien patatas est mezclado ponemos capa mayonesa restante cogemos rallador rallamos yema tambi puede hacerse colador
50,cortan solomillos filetes estira hojaldre rodillo cada filete solomillo salpimenta pone loncha jam york loncha queso envuelve hojaldre pinta huevo encima pone horno 200 aproximadamente media hora
51,comprar chacinitas
52,poner marinar bacalao cebolla cortada fina pimientos cortados tiras finas hora aceite oliva virgen perfumado ajo cubrir cada plato capa tomate repartir encima bacalao ste disponer cebolla ltimo tiras pimiento rojo verde adornar aceitunas negras picadas aderezar mismo aceite marinar bacalao
53,fuente poner aceite berenjenas previamente hecho cortes cuadraditos meterlas horno 180 minutos pochar cebolla ajo tomate bernejenas est casi hechas sacarles carne adirlo sofrito parte mezclar queso feta cortado cuadritos albahaca adirle sofrito rellenar mezcla piel berenjenas cubrirlo pan rallado quiere perejil tomillo poner aceite encima gratinar est doradas
54,sacarlas congelador
55,limpiar espárragos verdes cortarlos trozos mitad gruesos cortar jamón tiras semejantes espárragos fettuccinis freírlos aceite espárragos jamón sacar espárragos jamón reservarlos aceite sobrante freir cebolla picada zanahoria juliana añadir vaso agua cocer evapore agua cocer pasta saltearla sarten esparragos jamon refrito cebolla zanahoria añadir queso rallado
56,lavar picar lechuga mezclarla rodajas tallo apio limpio saltear bacon tiras escurrirlo papel cocina adir ensalada bacon anacardos salpimentar cortar pechugas lonchas finas mezclar mayonesa yogur rectificar sal adir unas gotas lim tostar rebanadas pan untarlas ajo echarle aceite oliva
57,aceite dorar ajo guindilla sacar poner almejas aceite abran habra lavarlas previamente varias horas sumergiéndolas agua añadir tomates lado cocido spaguetti mezclar servir
58,poner verduras plancha
59,desgranar granada picar finamente salmon desliarlo vinagre modena sal pimienta aceite agregar granada mezclarlo verter vinagreta canonigos
60,medio kilo judías verdes 200 gramos maíz congelado cebollas tiernas dientes ajo pimiento rojo gramos almendras tostadas zanahorias aceite sal lava trocea judías manos eliminando puntas raspa lava zanahorias seguidamente córtalas bastoncitos prepara olla dos dedos agua sal cuece judías veas punto entonces escurre bien reserva pela pica cebollas dientes ajo trocea daditos pimiento rojo calienta aceite sartén sofríe cebolla veas empieza transparentar añade picada ajos remueve conjunto dore añade ahora pimiento troceado bastoncitos zanahoria judías reservaste finalmente maíz sala gusto conjunto remueve prosigue cocción veas verduras crujientes momentos finalizar cocción añade almendras retira sartén fuego sirve platos acompaña cada plato tosta pan integral queso fresco deseas pueden añadir unas semillas sésamo pipas calabaza
61,pelar picar cebolla picar perejil menta cortar jamón taquitos cortar tomates cherry mitad poner mostaza bol añadir cebolla menta perejil vinagre sal pimienta aceite batir dejar reposar salsa quince minutos escurrir lentejas ponerlas ensadaladera añadir daditos jamón tomates verter salsa mezclar comer
62,lavar rúcula secarla cuidadosamente fúúúúnn partir dátiles mitad quitarles hueso trocear groseramente almendras raspar trozo queso conseguir láminas finas batir mostaza sal pimienta vinagre módena aceite conseguir salsa emulsionada mezclar ingrdientes aliñar vinagreta
63,cortar queso daditos deshuesar dátiles picar groseramente almendras pelar zanahorias rallarlas ponerlas ensaladera añadir dátiles trocitos queso almendras poner zumo limón bol ponerlo miel añadir mostaza sal aceite oliva batir bien vinagreta emulsione verterla ensalada dejarla reposar quince minutos
64,sofreir carne añadir tomate trozos añadir demás añadir agua dejar cocer añadir colorante hierva añadir arroz esperar listo
65,cocer cuscús litro agua hirviendo sal cucharada aceite minutos dejar remover retirarlo fuego añadir mantequilla removiendo ésta mezcle bien cuscús dejarlo enfriar remojar pasas agua tibia minutos escurrirlas cortar tomates rodajas picar hojas menta pelar picar cebolleta mezclar cuscús cebolleta aceitunas negras hojas menta picadas pasas rodajas tomate aliñar sal zumo limón aceite crudo
66,enharinar lenguado freirlo comerlo
67,poner cazuela hervir agua mar aguan sal mar cocer puplpitos laurel trozo corcho deben quedar tiernos deshacerse dejan enfriar cortan trozos partir patatas dados freir rserar cortar cebolletar pimiento rojo cebolla machacar ajo pelar yechar sarten aceite olvia añadir verduras luego ell pulpo ylas patats remover salpimentar añadir guindilla laurel freir fuego lento minutos espolvorear perejil picado frito estilo formentera sirve caliente
68,aliñar canónigos aceite vinagre módena sal derretir ligeramente queso cabra mezclarlo miel hacer jamón pato plancha grasa queda tostar piñones desea añadir chorreón sirope caramelo
69,habas jamón
70,sofreir cebolla tomate poner agua hervir mezclar ingredientes esperar hierva añadir chorizo esperar hierva añadir judías esperar hierva
71,ingredientes personas 350 sémola cuscús 100 cebolla diente ajo pimiento rojo pimiento verde 200 calabacines 100 berenjena 400 tomate triturado tomates frescos cucharada albahaca fresca orégano fresco cucharadita azúcar bolita mantequilla aceite oliva sal pimienta cómo elabora espolvoreamos sal berenjena cortada trozos dejamos reposar hora posteriormente lavamos bajo chorro grifo secamos papel cocina calentamos aceite cazuela añadimos cebolla cortada tiras ajo tapamos pochamos fuego suave minutos añadimos berenjena pimientos cortados tiras calabacín cuadraditos tapamos cazuela continuamos cocción minutos removemos frecuencia pegue vertemos tomate triturado cocemos destapado minutos evapore jugo tomate colocamos tomates frescos ensaladera cubrimos agua hirviendo dejamos segundos pasamos agua fría pelamos troceamos quitamos semillas tomates agregamos cazuela verdura tomates hierbas picadas azúcar salpimentamos dejamos cocer minutos luego escurrimos colador par quede seco cocemos cuscús vapor vez blando engrasamos bolita mantequilla quede suelto salpimentamos colocamos fuente servir medio disponemos verduras
72,mezclar salmón cortado tiras alubias cebolletas cortadas rodajas tomates gajos bol disolver sal pimienta vinagre añadir aceite hilillo batir mezcla emulsione
73,limpia bien pollo parte trozos medianos cacerola pone crudo pollo poquito aceite cerveza pastilla caldo carne zanahoria agua deja cocer fuego lento tierno pueden añadir dientes ajo laurel unas hebras azafrán
74,caballas ración vaso agua aceite plato harina dientes ajo hojas laurel limones vaso vino agua sal mandan vaciar caballas pescadería consérvandoles cabeza bien hacen filetes partes cuerpo quitadas cabezas espina central lavan secan bien paño echa sla lados raja tripa sartén pone aceite calentar punto pasan caballas harina fríen dos lados bonito color dorado van colocando medida fríen fuente resistente fuego besuguera contrapeadas unas cabeza lado cola montadas pelan golpe mango cuchillo dientes ajo quita bastante aceite sartén frito pescado dejando sólo fondo unas cucharadas soperas fríen dientes ajo empiezan dorados añade entonces hoja laurel fríe después añaden rodajas limón calienta bien añade fuego zumo limón vaso agua vierte salsa colándola encima caballas calienta minutos sirve enseguida
75,lentejas cocidas limpiar lentejas hervirlas poca agua fría empiecen hervir añadir cucharadas soperas aceite frito añadir cebolla marear pimiento verde dientes ajo judías verdes zanahorias tomate pimienta colorante sal hierva añadir chorizo
76,ingredientes patata cebolla diente ajo zanahorias pastilla starlux cocerlo junto blando batirlo
77,escarola grande alcachofas frescas trigueros cebolla rodajas berenjena rodajas calabacín champiñones setas medianas tomate maduro aceite oliva virgen vinagre sidra sal pimienta blanca quitar hojas verdes escarola quedarse parte amarilla desmenuzarla lavarla pelar alcachofas cortarlas mitad hacerlas aceite queden doraditas tiernas freir plancha rodajas calabacín berenjena cabezas champiñones setas trigueros tomate cebolla montar base escarola encima verduras aliñar vinagreta terminar punto pimienta blanca puede servir caliente templada base ingredientes pueden añadir verduras coliflor brécol acelgas fritas espinacas crudo champiñón puede poner fileteado crudo opción añadir unas alubias blancas cocidas aliñadas mostaza puede acompañar salsa alioli
78,cocer macarrones calentar tomate mezclar ingredientes desea añadir queso rallado
79,300 champiñones 100 jamón loncha tomates cherry cucharadas vinagre jerez zumo limón ramas perejil cucharadas aceite oliva pimienta sal corta jamón daditos pequeños lava champiñones córtalos láminas finas ponlos ensaladera mezclálos zumo limón pica perejil calienta cucharada aceite saltea daditos jamón retíralos fuego mézclalos vinagre pimienta sal poca perejil picado aceite restante vierte champiñones mezcla bien esparce tomates cherry encima sirve
80,cocer patatas mezclarlas pimiento rojo pimiento verde tomate cebolla cebolleta atún pepino aceitunas verdes negras aliñar
81,nan
82,calabacín pequeño taza arroz cebolleta tomate maduro litro carne ajo puerro aceite sal cazuela chorreón aceite rehogar puerro ajo cebolleta tomate troceado añadir arroz rehogar minutos cubrir caldo doble cantidad caldo arroz dejar cocer fuego medio minutos cortar calabacín trozos grandes pelar añadirlos arroz minutos termine cocción importante calabacines puerros cebolletas queden dente poquito duros arroz punto servir
83,nan
84,cocer pasta mezclarlo
85,nan
86,aliñar carne picada 2kg personas limón perejil diente ajo picado huevos persona sal pan rallado admita dejarlo reposar unas horas hacer bolas freirlas freir ajo doradito añadir puñado almendras crudas rebanada pan triturarlo cazuela poner agua cubra albóndigas añaden hirviendo añade pastilla starlux picado deja minutos
87,limpiar besugo liarlo papel albal ponerlo horno dejar enfríe preparar clásica salsa limón aceite perejil ajo
88,125gr bonito 50gr gambas peladas cucharada pan rallado huevo harina huevo pan rallado rebozarlas aceite freírlas diente ajo cebolla puerro zanahoria cucharadas aceite vaso caldo vaso vino blanco perejil picado sal pimienta limpiar bonito pieles espinas picarlo menudo sazonarlo amasarlo pan rallado huevo entero pellizco pimienta hacer albóndigas cucharas introducir quiere gamba cruda cada rebozarlas harina darlse buena forma manos incluso dentro taza moka harina pasarlas huevo batido pan rallado freírlas abundante aceite caliente ponerlas cazuela amplia reservarlas freír cebolla ajo zanahoria picados añadir puerro rodajitas finas cuanto pochado incorporar perejil vino caldo cubrir albóndigas cocerlas minutos servirlas salsa espolvoreadas perejil picado
89,bote alubias bote garbanzos pimiento verde pimiento rojo cebolla diente ajo chorizo bacon pimentón perejil aceite oliva limpiar cortar dados pimientos cebollas saltear chorrito aceite junto ajo laminado bacon chorizo cortado tacos verduras bien salteadas incorporar legumbres cocidas previamente lavadas abundante agua fría escurridas saltear finalmente incorporar pizca pimentón perejil picado
90,300 cintas huevo berenjenas diente ajo cebolla 100 jamón serrano aceitunas negras deshuesadas pimientos morrones cucharadas queso rallado tomates medianos cucharadas aceite perejil pimienta sal lavar berenjenas cortarlas dados salpicarlos sal dejar escurran jugo amargo freír aceite caliente cebolla ajo picados junto jamón cortado dados dorado añadir berenjenas escurridas freirlas cuanto cambien color añadir tomate pelado picado dar hervores agregar aceitunas picadas pimientos trocitos salpimentar mezclar bien espolvorear mezcla mitad queso rallado perejil picado reservar cocer cintas huevo abundante agua hirviendo sal tiempo indique fabricante escurrirlas mezclarlas caliente sofrito llenar fuente refractaria espolvorearlas queso chorreón aceite gratinar
91,berenjena pimiento verde pimiento rojo pequeño manojo espárragos champiñones cebolla buen puñado almendras cucharadas semillas sésamo salsa soja gusto aceite sal preparación trocea ingredientes previamente lavados tamaño similar pon calentar wok aceite puedes hacer sartén dispones wok empieza cocinando pimientos moviéndolos cuchara madera pasados minutos incorpora espárragos deja hagan agrega cebolla empiece tomar color incorpora wok berenjena champiñones almendras sala gusto finalmente quede seco introduce lomo espolvorea semillas sésamo riega salsa soja dejes remover mientras cocinan ingredientes
92,saltear espárragos salpimentarlos preparar vinagreta mostaza antigua vinagre aceite cortar atún dados hacerlo plancha sal salsa soja añadirle sésamo juntar ingredientes http www verycocinar com receta la_ensalada_de_trigueros_y_atun_fresco_de_laura
93,enharinar pollo freir mantequilla mitad aite sacarlo queda grasa echar media cebolla picada fina pizca harina menos cucharada echar picado hecho almendras machacadas mezcladas perejil vaso agua vaso vino blanco echa pollo cazuela añade sal deja hierva
94,750g judías verdes tomates maduros cebolleta cucharadas aceite oliva cucharadas vinagre jerez cucharadita perejil picado sal hazle corte cruz tomates parte opuesta tronquillo pon agua hervir cazo sumerge tomates agau hirviendo minuto escúrrelos sumérgelos bol agua fría pélalos pícalos pela cebolleta pícala finamente mézclala tomates picados aceite vinagre sal quita puntas hilos costados judías verdes cuécelas cacerola agua hirviendo sal minutos queden tiernas aún crujientes escúrrelas ponlas ensaladera añade vinagreta tomate deja templar espolvorea perejil picado sirve
95,cucharadas pasas cebolla calabacín perejil 300 champiñones frescos cucharadas aceite oliva cucharadas vinagre sal pimienta remojar pasas agua caliente cortar calabacín rodajas picar perejil limpiar champiñones agua solo cepillo cortar rodajas cortar cebolla tiras freír cebolla champiñones calabacín dorado mezclar ingredientes pasas agua
96,ingredientes 400 espaguetis 250 champiñones 100 panceta fresca cucharada harina vaso agua vaso aceite copita vino sal elaboración cortar champiñones limpios láminas panceta trocitos finos freir panceta sartén aceite casi punto añaden champiñones sal vez sueltan jugo incorporar harina darle par vueltas verter vino dejarlo cocer minutos mientras cuecen espaguetis sirven éstos fuente encima echa salsa champiñones
97,ingredientes personas 100 queso cabra oveja semicurado 100 lentejas cocidas cebolla tomates pimiento rojo pimiento verde manzana hierbas frescas perejil albahaca aceite oliva cucharada vinagre balsámico cucharadas miel dados pan tostado frito sal elaboración pica verduras manzana dados pequeños añade hierbas picadas finas lentejas escurridas frías queso daditos costrones pan fritos tostados horno minutos prepara vinagreta batiendo segundos aceite oliva pizca sal miel vinagre mezcla bien emulsione adereza ensalada momento servir elaboración mejor usar aceite oliva poca acidez enmascare sabor queso
98,ingredientes patatas cocidas huevos duros cebolla cebolleta naranja atún bacalao aceitunas sal gorda aceite oliva vinagre jerez preparación coceremos patatas huevos previamente momento queramos tener ensalada lista buena costumbre comprobando dureza patata cocción afilado igual cortar cocción agua fría llegado punto guste huevos patatas temperatura ambiente podremos manipularlos fácilmente trocearlos mismo haremos cebollas rodajas queremos aceitunas picadas aunque podemos dejarlas enteras así preferimos naranjas pelaremos vivo sacamos gajos rutina hará disfrutar fruta pelaremos quitándole todas partes blancas piel así separando gajos individualmente dispondremos plato junto atún gusto permita aconsejando aquí ingredientes descansen patata aderezaremos justo servir
99,arroz ajos espárragos trigueros cortados trozos grandes champiñones laminados cómodos sólo caros nueces pimentón rojo hacemos arroz blanco ajos mientras termina cocer echamos sartén fuego bajo champiñones espárragos gracia echarlos vez espárragos queden duros crujientes gustan así echa primero espárragos minutos champiñones casi hecho añade nueces arroz vez junto espolvoreas pimentón rojo añades aceite
100,ingredientes kgr muslitos pollo piel aceite oliva virgen limones cucharada miel ramita romero fresco cucharadita orégano seco dientes ajo 100 caldo pollo cucharaditas maizena preparación mezcla aceite zumo limones colado miel hierbas ajo picado vierte pollo bandeja tapa film deja marinar unas horas toda noche frigorífico escurre marinada reservando sobrante asa brasas horno 180º minutos empiecen dorarse conviene dar vuelta media cocción escurre jugo cocción pásalo cazo calienta fuego suave añadiendo marinada reservada añade caldo pollo mezclado maizena deja cocer espese vierte salsa pollo bandeja deja hornear minutos sirve caliente cubierto salsa
101,cortar puerro juliana pocharlo sal cortar champiñones láminas pocharlos sal cortar tomate dados pocharlo sal cortar bacon tiras añadirlo pochado hecho gratinar minutos
102,ingredientes berenjenas medianas sal aceite oliva dientes ajo cebollas tomates maduros perejil limón cucharada azúcar sal pimienta negra preparación corta tallo berenjenas corta mitad largo cuidado hacemos corte punta cuchillo centro cada mitad largo llegar extremos espolvorea sal berenjenas deja reposar mientras prepara relleno saltea aceite ajo picado cebollas rodajas finas cebolla tierna dorada mezcla aparte tomates dados pimienta perejil picado reserva lava berenjenas seca bien papel cocina saltea fuego medio mitades berenjena empiecen dorarse rellena mezcla verduras cortes practicados sazona coloca bandeja horno cubre zumo limón colado azúcar vaso agua tapa deja hornear 160º minutos regando vez jugos cocción sirve espolvoreado perejil picado rociando juegos cocción quieres puedes añadir verduras relleno pimientos rojos espárragos incluso jamón daditos arroz cocido quieres plato completo
103,nan
104,lavar garbanzos cocidos agua fría colador dejar escurrir poner ensaladera pelar naranja retirando toda parte piel blanca luego dividirla gajos mismo tamaño reservar cortar pimiento verde láminas finas pelar cebollas tiernas cortarlas láminas finas cortar tomates gajos preparar vinagreta batiendo aceite vinagre sal jengibre pimienta negra emulsionar dejar reposar minutos mezclar garbanzos ingredientes verter vinagreta mover reservar unas dos horas frigorífico
105,ingredientes personas 600 pollo deshuesado piel sal aceite oliva cebolleta pequeña salsa cucharada maizena 1dl agua limón vino jerez seco cucharadita azúcar primero cortaremos pollo tiras mejor utilizar pechugas deshuesadas piel sartén china wok calentar abundante aceite vez caliente echaremos pollo freiremos dándole punto deseado mientras pollo termina podemos cortando cebolleta luego servirá ponerla encima darle toque fresco pollo limón salsa mezclaremos maizena agua formaremos pasta lado mezclamos zumo limón resto agua ponemos wok agregamos jerez azúcar damos fuego empiece hervir disuelva azúcar completo añadimos mezcla maizena principio volvemos hervir reduciendo fuego después fuego lento dejamos cocinar minutos espesado alcohol evaporado completo colocamos pollo frito plato echamos salsa encima adornando limón cortado rodajas cebolletas desmenuzadas
106,ingredientes melón jamón serrano mozzarella unas hojas albahaca fresca aceite aroma cítricos preparación pelar cortar melón trocitos lado cortar lonchas jamón serrano longitudinalmente enrollarlas alrededor trocitos melón cortar trocitos mozzarella fuente poner melón jamón dados mozzarella condimentar chorreoncito aceite unas hojas albahaca cortadas mano mejor desprenden aroma
107,pone loncha queso loncha jamón serrano filetes lomo empana fríe
108,ingredientes personas rodajas gruesas bonito atún cebollas guisar vaso vino blanco alguna especialidad local txakoli pimienta negra molida aceite oliva virgen extra sal vinagre jerez elaboración cazuela calentamos suavemente cucharadas aceite añadimos cebollas cortadas medias lunas ponemos pizca sal suden agua vegetación pizquita pimienta negra recien molida cocinamos cebollas minutos veamos transparentes melosas llegar dorarse pasado tiempo añadimos vino chorrito vinagre gusto dejamos reducir líquido menos mitad momento incorporaremos rodajas bonito atún cortadas previamente cuartos cocinamos pescado minutos retiramos fuego dejamos reposar minutos
109,250g espaguetis frescos 200g salmón ahumado 100g aceitunas negras 200g tomates cherry aceite oliva sal eneldo preparación cocer espaguetis escurrirlos enfriarlos pasta conviene quede punto blanda colocar ensaladera plato salmón ahumado tiras tomates cherry cortados mitad aceitunas troceadas dejando hueco medio luego poner espaguetis aliñar aceite sal eneldo mezclando ingredientes opción sustituir aliño frío nata líquida caliente función temperatura queramos comerlos
110,mezclar melva pimientos
111,personas botes garbanzos cocidos natural 400 bacalao desalado berenjena cebollas dientes ajo pimiento rojo tomates cucharadas aceite sal pimienta lavar berenjena cortarla lonchas gruesas espolvorearlas sal dejarlas reposar media hora escurran amargor lavar pimiento cortarlo tiras pelar cortar cascos finos cebollas dientes ajo colocar hortalizas recipiente plano regarlas aceite hacerlas horno 200º minutos media cocción añadir tomates pelados pepitas mezclar hortalizas asadas jugo vaso agua caldo garbanzos bacalao trozos espinas cocer junto media hora recificar punto sazón servir
112,personas kilo calabacines cebolla grande patata cucharadas aceite oliva huevos 250 gambas peladas jamón sal pimienta raspar calabacines cortarlos rodajas medio dedo grosor pelar patata cebolla cortarlas lonchas finas freír patata cebolla sartén honda aceite fuego medio blandas añadir calabacines salpimentar calabacines tiernos jugo añadir datos jamón gambas dar unas vueltas poner escurrir colador plato batir huevos tortilla sazonarlos mezclarlos patata cebolla calabacín engrasar sartén fondo grueso cuajar tortilla redonda fuego suave moviendo sartén darle vuelta plato cuajar lado
113,ingredientes personas escarola 100 avellanas peladas 150gr jamón serrano lonchas finas uvas cucharadas aceite oliva cucharadas vinagre jerez cucharadita azúcar cucharadita pimentón dulce sal pon cucharada aceite sartén antiadherente dora avellanas quemen añádeles pimentón mezcla bien escurre reserva corta uvas mitad quítales pepitas corta cada mitad mitad calienta cucharada aceite sartén rehoga uvas minuto escúrrelas espolvoréalas azúcar sal resérvalas lava escarola trocéala extiéndela fuente baña vinagreta vinagre aceite restante sal esparce uvas avellanas rodea bordes lonchas jamón sirve
114,400 arroz jamón serrano tacos 200 guisantes 300 zanahorias cucharadas salsa tomate pimiento rojo 100 cebolla dientes ajo perejil azafrán agua caldo verduras aceite oliva sal elaboración primero preparamos ingredientes cortamos jamón serrano taquitos cocemos guisantes bien utilizamos lata cortamos zanahorias mismo tamaño jamón mismo pimiento rojo picamos finamente cebolla ajo continuación freímos minutos cebolla jamón zanahorias guisantes par cucharadas salsa tomate pimiento rojo añadimos ajo perejil machacados mortero desleídos agua después añade arroz rehoga minutos añadirle caldo verduras agua doble arroz norma general aunque dependerá tipo arroz utilizado añade sal azafrán unas hebras deja cociendo minutos después tapamos dejamos reposar fuego minutos
115,ingredientes personas 200 harina 100 semolina huevos 200 queso semicurado 100 parmesano grana padano rallado nueces peladas 300 calabacines albahaca fresca piñones pelados diente ajo aceite oliva virgen sal pimienta elaboración mezcla robot cocina dos harinas pizca sal huevos amasando quede masa fina pasa cuenco tapa trapo deja reposar minutos mezcla picadora robot queso semicurado parmesano pizca sal pimienta añade nueces peladas picadas finamente remueve reserva extiende pasta mano rodillo máquina quede fina haciendo tiras cms ancho deposita cucharaditas relleno queso nueces dejando distancia cubre tira pasta humedecida bordes presiona cerrar raviolis escape relleno último corta cortapastas rizado raviolis lado reserva elaboración ravioli queso nueces hacer pesto corta rodajas finas calabacines saltea hilo aceite oliva junto diente ajo sal pimienta deja cocer fuego lento minutos quita ajo tritura calabacines junto hojas albahaca piñones pasa cazo añade cucharadas aceite oliva sal pimienta removiendo bien dejando mantenga caliente baño maría pesto calabacines elaboración piñones restantes tuestan sartén antiadherente queden dorados cuece raviolis abundante agua salada solo pocos minutos escurre sirve pesto caliente decora piñones tostados tiempo preparación minutos tiempo cocción minutos dificultad media
116,ingredientes cuatro personas pollo grande dientes ajo cucharadas perejil picado aceite oliva cucharada vinagre sidra 2vaso vino blanco preparación mercado pedimos hagan pollo trocitos pequeños cazuela ponemos pollo ajos picaditos perejil tres cucharadas aceite vino sal mezclamos bien dejamos nevera macerando horas elaboración sartén grande cacerola ponemos medio dedo aceite bien caliente vamos echando pollo sacudiéndolo bien quitar mayor parte ajo perejil pollo casi punto quitamos aceite incorporamos cazuela haber macerado damos vueltas echamos vinagre dejamos minutos listo servir momento
117,250g fideo calabacines 100g tocino magro cebolla diente ajo tomates pequeños maduros caldo carne perejil albahaca aceite sal pimienta queso rallado parmesano emmental cacerola aceite sofríe cebolla tocino troceados calabacines cortados dados añade caldo caliente ajo perejil albahaca picados tomates troceados sazónalo sal pimienta completa cocción fuego moderado hierve aparte pasta abundante agua sal escúrrela viértela cacerola déjala cocer par minutos sirvelo sopera queso rallado aparte
118,patatas habichuelas verdes planas huevos pimiento verde ramas perejil aceitunas verdes aceitunas negras naranja grande latas atún cebolleta pepino tomate raf duro sabor aceite oliva virgen extra aove sal cocer patatas judías verdes huevos mezclar aliñar
119,ingredientes comensales 300 garbanzos calabacín pimiento rojo cebolla pimiento verde cucharadas tomate natural triturado unas hojas laurel aceite oliva virgen extra aove cucharada ras hanout sal ingredientes elaboración ponemos garbanzos remojados horas cocer agua cucharada ras hanout hoja laurel tiernos hora olla presión parte lavamos hortalizas troceamos trocitos iguales menos ponemos sartén fuego chorrito aove sofreímos cebolla laurel pimientos minutos añadimos calabacín minutos agregamos tomate rectificamos sal hacemos minutos apartamos vez cocidos garbanzos escurrimos mareamos wok alguna sartén amplia hilillo aove dorados añadimos pisto movemos listo comer
120,hacer atún ponerle tomate
121,salmonetes tomates maduros cebolla dientes ajo vasito vino blanco aceite oliva pizca azúcar harina perejil pimienta sal preparación limpia salmonetes pica cebolla dientes ajo sofríelos aceite oliva mientras toman color ralla tomates ponles pizca azúcar pimienta sal incorpora tomate sartén rehoga agrega vino blanco sala salmonetes pásalos harina continuación introdúcelos sartén salsa tomate dales vuelta par veces cocción minutos riégalos salsa vez minutos apagar fuego agrega perejil picado listo servir
122,ingredientes canelones latas atún gramos tazón salsa tomate litro salsa bechamel huevos cocidos mantequilla queso rallado aceite cebolla preparación cuecen canelones vez escurridos colocan paño sequen atún huevos desmenuzan revuelven bien mezclados fríe cebolla picada fina tierna une preparado agrega salsa tomate mezclan bien rellenan canelones ello colocan fuente cubre bechamel vez espolvoreados queso rallado unas bolitas mantequilla gratinan minutos
123,calentar plancha fuego untarla ligeramente aceie asar filetes pollo lado espolveorearlos sal rociarlos zumo limón ponerlos plato dejarlos enfriar pelar manzanas cortarlas dados cortar champiñones rodajas finas cortar endibias tiras transversales poner ingredientes ensaladera cortar filetes asados tiras añadirlos ensaladera calentar miel añadirle sal vinagre pimienta mostaza aceite batir unas varillas conseguir salsa bien emulsionada verter vinagreta ensalada mezclarla bien salpicar encima nueces servir
124,ponemos cazuela aceite vinagre ajos pelar granos pimienta hoja laurel llevamos ebullición dejamos minutos seguidamente introducimos pescado pasados minutos dependiendo grosor piezas podemos apagar fuego dejar enfriar debe cocerse quede jugoso sólo quedará envasarlo cubrirlo escabeche borde necesario añadiríamos aceite oliva llenar tarro cerramos conservamos nevera
125,ingredientes personas calamarcitos pequeños cebollas pimiento verde tomates ensalada ramillete lechugas variadas cucharadas aceite oliva virgen cucharadas vinagre manzana sal cómo elabora pelamos cortamos tiras cebolla lavamos cortamos tiras pimiento verde cazuela sartén tapa pochamos cebolla junto pimiento blanditos ponemos punto sal reservamos templado limpiamos calamares dentro zona tentáculos dejamos pielecilla exterior sólo chipirones pequeños salteamos sartén cucharada aceite oliva pizca sal fuego fuerte minutos tiernos lavamos tomate ensalada agua cortamos rodajas bol plato sopero presentamos ensalada colocando rodaja tomate unas tiras cebolla pimiento verde dos calamares salteados acompañamos unas hojas lechugas variadas aliñadas vinagreta elaborada aceite oliva virgen vinagre sidra pizca sal
126,rehogar cebolla tomate ajo pimiento verde batir sofrito sofreir carne pollo aceite juntarlo verdura incluídos jugos añadir chorreón vino pastilla caldo carne agua empiece hervir añade arroz
127,ingredientes 400 gramos bacalao desalado atadillo hierbas puerro zanahoria tomillo apio laurel 200 gramos judías blancas pimiento rojo pequeño cebolla pimiento verde pimiento amarillo aliño cucharadita pimentón dulce cucharadita pimentón picante diente ajo aceite pimienta sal preparación empezar deberás haber puesto judías horas remojo agua fría continuación prepara olla fuego agua fría introduce judías junto atadillo hierbas sal hervor ayuda espumadera elimina espuma desprendan reduce fuego deja cocer lentamente minutos lava corta pimientos cebolla dados medianos introdúcelos fuente servicio junto judías previamente escurridas vez enfriado añade fuente bacalao desmigado remueve bien conjunto prepara ahora aliño machaca mortero diente ajo previamente picado sal pimentón pimienta obtengas pasta añade aceite ingredientes salsa queden bien ligados aliña ensalada puedes servir comensales disfruten rica preparación
128,ingredientes cuatro personas 200 picadillo jamón ibérico 300 boletus aceite 350 arroz arborio litro caldo jamón vaso vino blanco chalota mantequilla chorro aceite elaboración risotto ibérico boletus saltearemos boletus aceite dorarlos ligeramente desprendan parte gelatina sartén grande ponemos pochar chalota picada mantequilla derretida chorro aceite pochada añadiremos jamón picado removeremos tras minutos fuego medio añadimos boletus volvemos remover último echamos arroz removiendo vez cazo mantenemos bien caliente caldo jamón vertemos vino blanco arroz dejamos evapore ligeramente cubrimos arroz caldo jamón caliente vamos dejando absorba medida falte caldo iremos añadiendo dejar remover plato listo veinte minutos cocción tiempo orientativo depende fuego utilice caliente caldo mano cada recomendable probando alcanzar punto deseado servir inmediatamente espolvorear perejil picado necesario añadir sal caldo jamón ibérico aportan suficiente punto sal
129,ingredientes personas chipirones cebollas medianas dientes ajo pimiento verde 100 vino blanco seco ramillete perejil sal aceite oliva elaboración chipirones rellenos empezamos picando dos ajos finamente pequeñito cortamos juliana fina cebolla pimiento verde igual ajos cazuela echamos ajos cojan color añadiremos cebolla pimiento verde dejamos pochar lentamente minutos cebolla debe quedar marrón tostado queremos conseguir cebolla caramelice necesidad añadir azúcar final añadimos vino blanco dejamos reducir apartamos fuego dejamos enfriar mientras podemos preparar chipirones quitamos cabeza cortamos tentaculos limpiamos cuidado normal darles vuelta pueden romper veis lavan bien darles vuelta mejor cebolla fria pueda manipular rellenamos chipirones picamos ajo quedaba perejil plancha doramos chipirones lado damos vuelta añadimos ajo perejil picado doramos debería durar dos minutos sumo
130,ingredientes personas cabeza ajos entera 300 grs arroz integral 250 grs habas desgranar cuatro alcachofas grandes 300 grs flores brécol cebolla aceite oliva virgen extra agua dos cucharaditas curry sal preparación proporción agua arroz dos veces media agua cada medida arroz cazuela ponemos chorreón aceite calentar buena temperatura añadimos cazuela cabeza ajos cortada dos mitades dejamos vaya haciendo cuidando queme ponemos agua calentar cazo cortamos cebolla toscamente trozos grandes desgranamos habas eliminamos hojas exteriores alcachofas cortamos cuatro mitades cada separamos flores brécol añadimos todas verduras cazuela mezclamos dejamos hagan cebolla transparente entonces añadimos dos cucharaditas curry polvo dejamos rehogue minutos vez rehogado curry añadimos arroz revolvemos salamos dejamos fuego cinco minutos añadimos agua caliente proporción mencionada dejamos cocer minutos cazuela tapada pasado tiempo dejamos cocer minutos tapa rectificamos sal tiempo preparación minutos tiempo cocción minutos
131,ingredientes personas 400 grs filetes solomillo atún grs aceite oliva grs vinagre dos cucharadas mostaza pizca sal mezclamos ingredientes marinada recipiente conseguir masa homogenea embadurnamos atún marinada dejándolo reposar recipiente hora pasado tiempo encendemos plancha máximo asamos filetes atún chorro aceite retirar marinada tres minutos cada lado
132,naranja mesa 100 gramos pasta cocida seis dátiles seis nueces perejil picado mezcla lechugas aliño cocemos pasta colocamos ensaladera añadimos nueces enteras dátiles troceados pelamos naranja cuidando quede ninguna parte blanca eliminando piel gajos sacamos gajos intoduciendo cuchillo bien afilado carne piel manera obtengamos unas piezas limpias restos pellejo añadimos gajos naranja espolvoreamos perejil picado ponemos mezcla lechugas rodeando ensalada olvidar aliño
133,ingredientes alcachofas zanahorias ramita apio cebolleta cebolla vaso vino blanco dientes ajo aceite sal 100g jamón lonchas vaso caldo verdura agua limpia alcachofas pártelas cuartos limpia apio cazuela aceite dora cebolleta zanahorias ajo troceados luego añade alcachofas rama apio agrega vino caldo verduras agua sala tapa deja cueza fuego lento tierno minutos aproximadamente queda ligero puedes añadir fécula diluída agua último fríe jamón vuelta vuelta aceite sirve verdura adorna jamón
134,ingredientes cuatro personas lubina ración dorada ración seis salmonetes doce langostinos 250 pasta mafaldine 200 salsa tomate tres dientes ajo limón aceite oliva pimienta molida perejil albahaca frescos rama sal agua elaboración mafaldine livornese preparación pediremos mercado preparen pescado lomos vez casa cortaremos lomos lubina dorada trozos dos dedos ancho recipiente hacemos marinada chorreón aceite zumo limón hojas perejil pimienta molida ajos machacados introducimos pescado langostinos marinada hora cocemos pasta según instrucciones fabricante cazuela amplia agua sal pasado tiempo marinado salamos cocinamos pescado levemente sartén par minutos cada lado cazo aparte calentamos salsa tomate hojas albahaca troceadas mano buena temperatura añadimos sartén pescado dejando mezcle bien cuatro minutos fuego disponemos pasta cocida bien caliente fuente vertemos salsa pescado servimos inmediato clave receta mafaldine livornese trozos pescado desmenucen ello ser cuidadosos someterlos cocción prolongada tan solo necesario cocinen tomen calor
135,ingredientes lubina 200 250g pimienta cayena dientes ajo fileteados perejil chorro vinagre vino blanco sal hoja laurel elaboración preparamos lubinas limpiándolas quitándoles espinas dorsales tal manera queden abiertas libro partir dos mitades marcamos plancha horno lubinas hechas emplatadas echa salsa llamada bilbaína ajada elaboración ajada lleva aceite oliva ajo fileteado hoja laurel ponemos aceite calentar doramos ajos pimienta cayena laurel optativo perejil dorados ajos regamos vinagre vino blanco retiramos fuego ajada echa encima lubinas abiertas
136,350 gramos macarrones preferiblemente cortos berenjenas medianas cebolla diente ajo kilo tomates maduros cucharadas queso rallado unas hojitas albahaca aceite oliva pizca azúcar pimienta sal preparación lava seca berenjenas seguidamente córtalas daditos espolvorea sal deja reposar berenjenas hora pierdan sabor amargo escurre berenjenas pela pica finamente ajo cebolla seguidamente sofríe sartén aceite ambas picadas veas empiezan dorarse añade berenjenas sofrito rehoga conjunto minutos pela trocea tomates añádelos sartén salpimenta agrega pizca azúcar prosigue cocción minutos fuego lento sartén tapada ahora puedes preparar pasta cuécela olla abundante agua sal combruebes dente escurre bien mezcla sofrito berenjenas macarrones sirve macarrones berenjenas espolvorea queso rallado decora unas hojitas albahaca
137,ingredientes 300 gramos garbanzos cocidos cebolla grande dientes ajo calabacín zanahorias vaso tomate triturado vasos caldo vegetal perejil pizca azúcar aceite oliva sal preparación pela pica cebolla raspa pica zanahorias lava pica calabacín daditos sartén aceite sofríe cebolla zanahorias sala deja cocer minutos pica ajos añádelos sofrito junto calabacín incorpora continuación garbanzos tomate triturado pizca azúcar sal dos vasos caldo aviva fuego deja cocer empiece hervir fuego lento ingredientes suelten sabor sirve plato escurriendo garbanzos termina espolvoreando perejil picado regando chorrito aceite oliva
138,ingredientes 150 gramos arroz salvaje 150 gramos arroz grano largo pimiento verde zanahorias tomates manzana cebolla tierna gramos pasas corinto zumo limón cucharadita sésamo tostado unas hojitas menta fresca aceite pimienta sal preparación deja pasas remojo cuece arroz grano largo lado agua salada minutos arroz salvaje abundante agua salada minutos escurre arroces déjalos enfriar lava tomates córtalos gajos raspa zanahorias lávalas córtalas rodajas bien finas puedes hacerlo pelapatatas pela corta rodajitas cebolla tierna lava corta tiras finas pimiento verde finalmente pela corta láminas manzana riega unas gotas zumo limón ensaladera mezcla todas verduras preparadas escurre pasas repártelas mezcla arroces enfriado mezcla bien resto ingredientes añade hojitas menta limpias semillas sésamo prepara aliño aceite oliva zumo limón sal pimienta mezcla emulsione aliña ensalada mezcla bien deja reposar minutos impregnen sabores comer
139,ingredientes personas 200 cous cous alcachofas asadas tomates escalonias pepino 200 aceite oliva vinagre jerez sal elaboración vinagreta alcachofa asada ponemos alcachofas aceite sal pimienta horno 180ºc minutos hacerse mientras podemos preparar vinagreta bol ponemos aceite oliva vinagre echamos ingredientes tomates escalonias pepino cortados cuadraditos añadimos sal mezclamos bien saquemos alcachofas asadas dejamos enfriar cortamos quitamos hojas secas duras cortamos cuartos añadimos vinagreta hacemos cous cous según costumbre servimos
140,ingredientes personas ramas apio verde zanahorias cebolla grande dos medianas 500 carne ternera morcillo 400 tomate triturado natural 750 sidra natural cucharadas harina sal pimienta negra recién molida elaboración estofado ternera sidra hacemos fondo verduras cortamos apio zanahorias cebollas trozos menos gruesos salteamos minutos cazuela aceite añadimos carne sazonamos añadimos par cucharadas harina removemos añadimos 500 sidra natural resto 250 cocinero apunte tomate removemos dejamos cocer fuego lento unas dos horas quedamos cortos liquido añadimos agua sidra carne totalmente tierna retiramos servimos podemos acompañar unas patatas pasta ensalada
141,hacer trucha jamón plancha
142,ingredientes spaghettis obvio chipirones congelados sirena brocoli calabacín cebolla puerro mantequilla vino blanco avecrem aceite oliva orégano parmesano cascoporro preparación poner pasta cocer agua buen chorro aceite pastillica avecrem puñado orégano mientras cuece pasta hacer refrito puerro cebolla sartén grande doradito añadir chipirones vaso grande vino blanco mientras hacen dos cosas anteriores sartén poner aceite calentar humeante añadir brócoli troceado calabacín láminas tapar dejar saltear par minutos después dos minutos levantar tapa remover miaja añadir pegotón generoso mantequilla remover volver tapar dejar dos minutos alturas chipirones pasta deberían listos escurrir pasta echarla junto chipirones verdura olla espolvorear quintal parmesano rallado remover servir
143,corazón lechuga naranja 100 gramos jamón pato aceite oliva vinagre balsámico nueces peladas sal pimienta preparación ensalada naranja jamón pato pelamos naranja vivo cuchillo forma eliminemos piel blanca membrana recubre gajos vamos separando cada gajos dejándolos piel colocándolos copa vaso reservaremos separamos limpiamos escurrimos secamos partimos manos lechuga distribuimos ensaladera vamos servir lechuga vamos colocando lonchas jamón pato gajos naranja puñado nueces troceadas preparamos vinagreta recipiente aparte mezclando cucharadas aceite cucharadas vinagre sal pimienta zumo podido quedar vaso copa reservada naranja removemos enérgicamente regamos ensalada
144,300 400 gambas peladas congeladas 500 espaguetis dientes ajo dos guindillas secas media cucharadita pimentón dulce sal 100 aceite oliva virgen extra dos cucharadas perejil picado fresco elaboración primero poner calentar agua cocer espaguetis olla amplia menos dos litros agua rompa hervor añade cucharada sal espera rompa hervor nuevo añade pasta removiendo deja cocer quede dente controlando tiempo indique envase mientras sartén grande saltea gambas peladas aceite pimentón guindilla picada sal removiendo ajo empiece dorarse aparta fuego consejo saltear exceso gambas justo pongan rosadas escurre pasta punto dejar reposar pasa directamente sartén salteado gambas añade perejil picado remueve calentando fuego fuerte minutos ingredientes queden bien unidos sirve momento platos individuales receta espaguetis gambas ajillo acompañando parmesano rallado
145,350gr penne rigate calabacines medianos dientes ajo pimiento verde rojo tomates maduros tomates secos albahaca fresca aceite oliva sal pon cocer agua sal hacer penne rigate mientras corta resto ingredientes calabacín lavado trozos dientes ajo pelados bien finos pimiento verde lavado tiras tomates semillas tiras tomates secos troceados mientras cuece pasta añade cazuela aceite oliva saltea calabacín empiece coger color añade ajo pimiento verde junto tomate maduro mezcla deja cocinar minutos final añade tomate seco troceado albahaca fresca gusto rectifica sal sirve junto pasta escurrida chorrito aceite oliva añade queso parmesano rallado gusto
146,200 gramos espaguetis 200 gramos puerros 200 gramos tomates maduros huevos gramos queso rallado cucharadas aceite oliva virgen sal pimienta cocemos pasta abundante agua hirviendo sal esten dente vez cocidos escurrimos espaguetis caliente untamos aceite oliva extendemos fuente cristal apta horno espolvoreamos encima mitad queso rallado limpiamos puerros cortamos rodajas vez cortados salteamos rodajas aceite oliva sarten caliente exterior dore ligeramente colocamos puerros fuente horno junto espaguetis removiendolos ligeramente encima colocamos tomates cortados rodajas espolvoreamos mitad queso batimos huevos vertemos encima ingredientes remover salpimentamos ligeramente encima prepara introducimos horno 200 gratine superficie servimos caliente
147,kilo champiñones hongos limón cucharada mantequilla cucharadas aceite cebolla mediana picadita alrededor de3 taza diente ajo machacado taza parte blanca ajo porro picadita taza vino blanco seco cucharadita pimienta blanca molida cucharadita salsa inglesa worcestershire cucharaditas sal 350 gramos queso mano mozzarella queso blanco blando 350 gramos queso criollo blanco semi duro ambos tajadas delgadas taza queso parmesano ral lado 100 gramos lasaña 250 gramos pasta lasaña litros agua cucharaditas sal cucharada aceite cocinarla cucharada mantequilla engrasar molde vidrio hornear 5centímetros taza queso parmesano rallado cucharada mantequilla poner encima salsa bechamel cucharadas mantequilla cucharadas harina tazas leche hirviendo cucharaditas sal cucharadita pimienta blanca molida cucharadita nuez moscada rallada relleno elimina extremo inferior tallo hongos limpian enjuagan ligeramente agua cortan verticalmente tajaditas delgadas tallos desprenden cortan rueditas delgadas pone aparte olla sartén grande ponen mantequilla aceite cebolla ajo ajo porro fríe marchitar minutos agregan hongos vino pimienta salsa inglesa sal lleva hervor cocina casi evapore agua producen hongos minutos debe quedar bastante seco relleno lasaña salsa bechamel olla pone mantequilla calentar agrega harina revolviendo fuego suave cocina formar burbujitas minutos añade revolviendo leche hirviendo sal pimienta nuez moscada quiere pequenísima cantidad revolviendo constantemente cocina fuego suave minutos espesar formar crema instrucciones elaboración precalienta horno 350 grados olla ponen litros agua cucharada sal cucharada aceite lleva hervor agrega pasta cocina dente acuerdo instrucciones fabricante general minutos cuela enjuaga ligeramente escurre cucharada mantequilla engrasa envase vidrio hornear centímetros cubre fondo molde ligera capa crema bechamel luego capa pasta continúa capa hongos cada queso puntos salsa bechamel continúa terminar capa pasta cubre ligera capa salsa bechamel queso parmesano rallado puntos mantequilla colocar envase horno hornear minutos dorar
148,ingredientes tortillas trigo salsa sazonador faijtas 500g pollo pimientos cebolla corta pimientos cebolla echas sartén sofríes aceite ahora toca pollo cortas tiras añades sartén cocínalo fuego medio minutos añade sazonador fajitas continúa cociendo mezcla minutos fuego medio tapar removiendo bien huele precaliente horno saca tortillas envase caliéntalas minutos 180ºc
149,ingredientes personas 200 cous cous naranjas pimiento rojo asado tiras cebolletas rojas cucharada cilantro picado zumo limón sal aceite oliva hacemos cous cous según costumbre pelar naranja cortamos dos polos cuchillo cortamos parte blanca parte piel naranja sacamos gajos cortando solo carne naranja modo naranja perfecta comerla necesidad moleste piel mitad naranja cortamos trocitos pequeños mezclamos cous cous cebolleta cortada juliana pimiento rojo asado cortado trocitos dejamos tiras decorar además añadimos zumo limón cilantro picado removemos bien servimos hacer cous cous naranja pimiento rojo asado terminar cous cous naranja pimiento rojo asado servimos moldeado encima ponemos gajos naranja unas tiras pimiento rojo asado ocurre podría añadir bacalao desmigado cocido quedaría genial
150,600 sardinas gordas sal medio pepino pimiento verde italiano aceite oliva virgen extra vinagre vino blanco tres ramas menta tres patatas medianas cebolla cebolleta sal fina sal gorda preparación primer lugar haremos unas patatas panadera pelamos patatas bien limpias cortamos rodajas medio centímetro aproximadamente pelamos cebolla cortamos rodajas sartén colocamos cebolla patatas encima salamos granos sal gorda colocamos rama menta rociamos aceite oliva tapamos ponemos fuego medio menos minutos patatas cocinadas dejamos enfríen preparación limpiamos sardinas escamas quitamos tripas aletas dejamos escurrir picamos fino pepino pimiento verde cebolleta colocamos recipiente separamos hojas ramas menta restantes añadimos mezcla anterior finamente picadas agregamos 100 aceite oliva vinagre pizca sal mezclamos bien montamos platos creando cama patata cebolla colocaremos sardinas cubriéndolas vinagreta menta tiempo elaboración minutos dificultad baja
151,ingredientes personas 250 garbanzos cebolleta grande diente ajo tomate aceitunas negras zumo medio limón cucharadita comino molido aceite oliva pimienta negra recién molida sal cómo hacer ensalada garbanzos comino pica cebolleta finamente vete echándola cuenco quita pepitas tomate córtalo trocitos pequeños aceitunas hueso igualmente picadas mezcla bien añade ajo machacado zumo limón chorrito aceite oliva virgen extra sal comino pimienta mezcla bien último incorpora garbanzos sirve
152,wok poner aceite rehogar cebolla pimiento verde ajo picados añadir rodajas pulpo spaguetti cocidos salsa soja sal pimentón agridulce
153,ingredientes personas 750 carne picada ternera manojo menta fresca cebolla tomates pera 100 semillas sésamo cucharadita pimentón dulce aceite oliva sal cómo hacer albóndigas menta sésamo lavamos cortamos hojas menta solo hojas picamos bien reservamos lavamos pelamos quitamos semillas tomates cortamos trozos sartén aceite oliva pochamos tomates sal mientras mezclamos carne cebolla bien picada menta pimentón dulce sésamo hacemos pequeñas albóndigas añadimos albóndigas cazuela tomate salteamos minutos hacer albóndigas pequeñas
154,ingredientes kilo bonito hojas laurel granos pimienta verde dientes ajo vaso vinagre vaso agua aceite pimiento rojo pimiento verde cebolla sal cómo preparar bonito escabechado riojana limpiamos bonito secamos ponemos bonito bol añadimos hojas laurel troceadas pimienta sal ajos pelados troceados vinagre agua dejaremos macerar horas mínimo limpiamos pimientos quitamos semillas cortamos trozos pelamos cebolla partimos sofreímos aceite cebolla pimientos tiernos dorados aunque todavía enteros escurrimos bonito escabeche partimos trocitos pequeños añadimos sartén pimientos rehogamos junto minutos
155,ingredientes personas 400 gramos espinacas frescas cebolleta fresca zanahorias manzana verde 100 gramos jamón ibérico gramos cacahuetes pelados fritos cucharadas aceite oliva virgen cucharadas vinagre balsámico cucharada miel brezo preferiblemente sal cómo elabora remojamos espinacas limpias agua fría momento servir crujientes pelador sacamos tiras zanahoria manzana reservamos agua limón momento utilización cebolleta cortamos juliana tiras finas elaboramos vinagreta aceite oliva vinagre balsámico cucharada miel cacahuetes sal reservamos escurrimos agua espinacas zanahoria manzana mezclamos espinacas tiras cebolleta fresca zanahoria manzana decoramos forma aleatoria unas tiritas jamón ibérico aliñamos vinagreta cacahuetes ligeramente templada microondas
156,ingredientes dos personas rodajas salmón dos supremas aceite oliva perejil ajo cebolla pequeña pimiento rojo sal primero hacemos aderezo salmón pasamos túrmix aceite oliva ajo perejil aderezo pintamos papel salmón situamos último centro papel horno cortamos cebolla pimiento rojo juliana fina tener cuenta hacer tiempo horno cerramos papel formando paquete bien cerrado escape vapor produzca cocinarlo precalentamos horno 170 introducimos salmón minutos sacar abrimos paquete sazonamos prefiero ponerle sal escamas final pierda agua cocinado
157,ingredientes cuatro personas 150 champiñones puerro 350 arroz arborio 200 jamón ibérico picado puñado rúcola litro caldo jamón ave vaso vino blanco 100 nuez mantequilla queso parmesano aceite oliva virgen extra limpiamos puerro eliminando partes toscas cortamos rodajas centímetro medio preparamos cazo aceite abundancia calentamos fuego fuerte caliente introducimos puerro troceado bajamos fuego mínimo dejando confite hora calentamos caldo limpiamos champiñones eliminamos tallos pueden servir hacer crema preparamos cazuela chorreón aceite caliente agregamos champiñones rotos manos dejamos salteen cinco minutos fuego fuerte añadimos jamón picado removemos dejamos fuego jamón cocinado añadimos arroz mezclamos bien dejamos tome calor cinco minutos añadimos vino blanco absorba cubrimos arroz caldo vamos dando vueltas lentamente añadiremos caldo cazo cazo medida vaya absorbiendo dejar remover tiempo orientativo depende cada arroz cada fuego plazo minutos debe hecho probando ver grano punto final añadimos rúcola nuez mantequilla parmesano rallado mezclamos servimos plato porción risotto coronado puerro confitado queso recién rallado http www directoalpaladar com recetas arroces risotto champinon jamon rucola puerro confitado receta
158,strong ingredientes hacer ensalada espinacas personas strong 150 gramos espinacas frescas lonchas beicon bacon 100 gramos trozo tres dedos ancho queso cabra rulo gramos cucharadas piñones ibéricos gramos cucharadas vinagre balsámico módena cucharada azúcar cucharada aceite oliva receta hacer ensalada espinacas dos cuatro personas vamos coger queso cabra vamos utilizar ensalada vamos meter congelador tiempo tardamos preparar receta así cogerá punto dureza congelará perderá sabor permitirá cortar queso cabra lonchas finas rompa deshaga mételo congelador envoltorio papel aluminio film ahora tuesta piñones sequen queden firmes paladar ricos tostarlos solo ponerlos sartén aceite fuego medio dejar minutos minutos dependiendo fuego huelan tostaditos brillen dejes quemen listos reserva piñones plato parte vamos preparar baicon misma sartén tostado piñones recuerda retirado piñones plato pon cucharada aceite oliva bacon cortado tiras fíjate fotografía arriba deja fuego medio alto baicon quede crujiente texturas ricas ensalada mientras hace pasamos siguiente punto ahora toca lavar espinacas ingrediente principal ensalada ponlas escurridor colócalas bajo chorro agua grifo enjuaga bien escúrrelas bien baicon hecho apaga fuego aparta sartén calor continuamos reducción vinagre módena vinagre balsámico pon cazo vinagre fuego medio alto empezará emitir vapor irritante campana extractora enciéndela así evitas respirarlo lleve par minutos fuego añade azúcar baja fuego mezcla bien azúcar bien disuelto deja reduzca mezcla obtener especie almíbar menos denso reducción vinagre balsámico módena deja enfriar ahora coge bol pon espinacas bien escurridas riega ensalada espinacas aceite beicon mezcla bien luego reparte piñones encima coloca arriba beicon mira foto saca queso cabra congelador llevará minutos empezamos receta córtalo rodajas finas reparte ensalada riega unas gotas reducción vinagre balsámico listo cocina comer comer vinagre balsámico podéis prescindir receta recomiendo pues ésta reducción contrarresta perfectamente amargor suelen tener espinacas crudas quieres alternativa reducción puedes probar miel sustitución vinagre azúcar solo diluiría pelin agua enfría reducción vinagre balsámico ves queda demasiado densa puedes verterla ensalada pon cazo nuevo fuego par cucharadas agua mezcla bien puedes añadir directamente agua caliente poner fuego cazo mezclar bien quede bien integrada agua reducción quede líquida fluida
159,ingredientes personas 200 pasta fusili caso 240 corazones alcachofa lata 500gr tomates pelados aceitunas negras hueso vino blanco cebolla pequeña diente ajo parmesano grana padano aceite sal albahaca orégano preparar fusili alcachofas tomate aceitunas negras diferente preparar cualquier plato pasta empezamos poniendo agua calentar olla suficientemente amplia entregamos preparar salsa sartén mediana chorrito aceite vertemos cebolla ajo ambos picados fino fuego lento esperamos vaya aclarando después añadimos tomates ligeramente triturados vino blanco sal azúcar dejando salsa vaya espesando nuevo fuego lento agua rompa hervir añadimos puñado sal fusili dejando cocer fuego vivo dente tiempo dependerá tipo pasta pasta lista añadimos sartén corazones alcachofa partidos mitad aceitunas negras añadimos albahaca orégano servir mezclamos mitad salsa pasta vertiendo resto salsa plato servido remataremos unas láminas parmesano grana padano podemos darle nuevo toque albahaca
160,ingredientes dos personas peras blanquillas lonchas bacon gorgonzola ensalada variada vinagreta cucharadas aceite oliva virgen extra cucharadas vinagre jerez pistachos pimienta negra molida sal cómo hacer ensalada pera vinagreta pistachos lado preparamos ingredientes gorgonzola queso cortamos pequeñas porciones peras cuartos último freímos bacon cortado trocitos lado preparamos vinagreta pelamos pistachos troceamos ponemos ingredientes bote agitamos montamos ensalada servimos
161,ingredientes pomelos 400 gramos espinacas frescas cucharadas piñones 150 gramos jamón serrano cucharada brandy aceite oliva pimienta sal preparación lava seca pomelos seguidamente córtalos mitad ayuda cuchillo extrae pulpa ahondar demasiado dañe cáscara retira pulpa resultante pieles blancas semillas corta daditos pequeños reserva lava bien espinacas escurre seca bien necesario utiliza paño cocina eliminar restos agua ahora dispón aceite sartén sofríe jamón previamente cortado daditos dore ahora introduce ingredientes ensaladera espinacas pulpa pomelo piñones jamón riega conjunto aceite cocción jamón salpimenta gusto mezcla bien ingredientes sólo resta repartir mezcla cuencos pomelo servir
162,ingredientes tomates maduros kilo patatas pimientos rojos asados 400 gramos bacalao previamente desalado desmigado pimiento verde dientes ajo cebolla perejil guindilla pizca pimentón dulce aceite preparación escalda tomates par minutos agua hirviendo pela córtalos dados pequeños continuación pela trocea cebolla igualmente dados pequeños mismo tamaño tomate dispón cazuela aceite añade dados cebolla tomate cuece conjunto minutos añade pimientos rojos previamente cortados tiras finas pela trocea patatas pimiento verde daditos seguidamente lámina dientes ajos sofríe ingredientes sartén aceite veas conjunto dorado traspasa contenido sartén cazuela saltea misma sartén bacalao guindilla previamente troceada dientes ajo restantes laminados par minutos fuego fuerte retira sartén sazona conjunto pimentón dulce remueve vierte contenido cazuela dispón nuevamente cazuela fuego minutos removiendo constantemente finalmente espolvorea preparación perejil picado finamente
163,ingredientes principales personas 240 arroz integral puerros 250 champiñones zanahoria cuadritos puñado maíz conserva puñado guisantes salsa soja opcional preparación receta cocemos arroz agua caldo arroz minutos olla presión hora cacerola normal tapada sartén poner aceite oliva salteamos puerros cortados láminas finitas zanahoria cuadritos champiñón láminas salteado añadimos maíz guisantes rehogamos junto arroz sazonamos salsa soja opcional
164,1x100g cous cous mediterráneo 160ml agua hirviendo tomates medianos 100g rúcula 75g mozzarella dados pimienta negra 15ml aceite oliva sal 30g queso parmesano poner contenido bolsa cous cous julius recipiente hondo añadir 160ml agua hirviendo mezclar bien separar granos cous cous tenedor servir inmediatamente resultado óptimo añadir nuez mantequilla chorrito aceite oliva cotar tomates rodajas finas colocarlas platos pomer encima mitad rúcula rodearlo mozzarela aderezar sal pimienta gusto aliñar aceite oliva servir cous cous encima tomates decorar rúcula sobrante trocitos parmesano
165,comprar pollo asado asador comérselo
166,ingredientes personas 200 garbanzos cocidos brócoli pequeño calabacín pequeño zanahoria 200 pechuga pollo cebolla diente ajo aceite oliva pimienta sal cómo hacer salteado garbanzos pollo verduras empezamos pollo cortamos tiras piel huesos ponemos macerar diente ajo picado par cucharadas aceite mientras preparamos verduras zanahoria limpiamos pelamos cortamos bastones finos brócoli separamos arbolitos calabacín limpiamos cortamos piel dados además cebolla pelamos cortaremos juliana sartén salteamos pollo dorarlo reservamos añadimos misma sartén cebolla dos minutos después resto verduras salteamos par minutos añadimos pollo garbanzos removemos mezclando salteando vez dos tres minutos
167,ingredientes personas 300 salmón fresco sola pieza piel calabacín mediano 100 rúcula piñones limón cucharadas eneldo picado cucharada vinagre blanco aceite oliva virgen extra azúcar sal pimienta blanca preparación mezclar misma cantidad sal azúcar bol 500 cada suficiente cubrir recipiente plástico cristal fina capa mezcla acostar salmón recipiente repartir encima mitad eneldo picado pimienta blanca cubrir azúcar sal tapar marinar nevera horas retirando vez almíbar irá saliendo superficie quiere pescado quede hecho puede poner peso encima pierda líquido cortar calabacín rodajas finas salarlo dejarlo colador suelte líquido hora secarlo mezclar cuatro cucharadas aceite oliva zumo medio limón cucharadita vinagre pizca sal pimienta poner calabacín tupper fuente cubrirlo aliño meter nevera dejar reposar hora día lavar salmón cuidado quitarle piel cortarlo cubos aderezarlo eneldo untarlo ligeramente aceite tostar piñones sartén cuidado quemen vaya tomar ensalada poner rúcula fuente repartir salmón calabacín encima terminar piñones aliñar marinada calabacín aceite sal necesario
168,ingredientes 600 gramos bacalao punto sal dientes ajo cebollas pimientos verdes pimiento rojo 600 gramos patatas aceite oliva horas laurel sal pimienta perejil eneldo seco elaboración pelamos patatas cortamos cuadritos salamos freímos aceite hirviendo doraditas escurrimos reservamos pelamos cebolla cortamos juliana lavamos pimientos quitamos pedúnculo semillas interior cortamos daditos sartén cazuela fuego ponemos poquito aceite freír patatas caliente añadimos ajos pelar hojas laurel cebolla pimientos pizca sal pizca pimienta dejamos sofrían fuego medio minutos empiecen tiernas verduritas tiernas incorporamos bacalao cortado tacos revolvemos poquito dejamos cueza junto minutos aproximadamente añadimos patatas fritas reservadas pizca perejil eneldo catamos sal rectificamos preciso revolvemos suavemente romper pescado dejamos cocer minutos
169,ingredientes personas 150 gramos arroz basmati usa grano largo corto 100 gramos lechuga gramos cebolla zanahoria grande tomate cucharadas grandes maíz dulce lonchas gruesas queso semi curado lata atún aceitunas vinagre estragón usa vinagre vino rojo blanco orégano sal aceite oliva chorrito agua hervir arroz receta hacer ensalada arroz personas pon cacharro agua calentar hirviendo echa arroz media cuchara postre sal mira paquete cuanto tiempo tarda cocción arroz basmati minutos todas formas estate atento dejes demasiado tierno mientra cuece arroz pelamos zanahoria tomate corta zanahoria taquitos haz mismo tomate cebolla queso lava lechuga escúrrela bien córtala juliana tiras finas demasiado largas pica mitad aceitunas escurre atún ponlo fuente junto todas verduras incluido maíz queso aceitunas cocido arroz escúrrelo enjuaga bajo grifo abundante agua vuelve escurrir bien échale chorrito aceite oliva mezcla bien así evitarás pegue después añádelo fuente demás ingredientes ensalada echa buen chorro vinagre estragón pizca orégano mezcla bien quieres puedes tomarla sirvas fría así mejor metas ensalada arroz frigorífico hora mezclen bien sabores
170,ingredientes cuatro personas ensalada bolsa brotes hojas verdes 150 champiñones 200 espárragos trigueros finos 150 judías verdes 400 espinacas frescas limpias cortadas dos rebanadas pan hogaza 100 queso pasta blanda tipo brie barrita flor sal aceite oliva virgen extra vinagreta dos cucharadas mostaza 100 aceite oliva virgen extra lima sal cómo hacer ensalada templada espinacas verduritas comenzamos preparando verduras quitamos tallos champiñones pelamos fileteamos cortamos espárragos trigueros dejando puntas tres centímetros resto tallos cortados trozos pequeños eliminando final tallos resulta demasiado duro cortamos judías verdes ancho pequeños trozos pocos milímetros troceamos barrita queso trozos centímetro hacemos vinagreta poniendo bote dos cucharadas mostaza 100 aceite oliva virgen extra sal zumo lima cerramos bote agitamos quede homogéneo aligeramos par cucharadas agua necesario cortamos rebanadas pan bastones ponemos tostar sartén acanalada pincelada aceite oliva virgen extra espolvoreamos flor sal reservamos colocamos unas cuantas hojas verdes cada plato sartén ponemos aceite oliva virgen extra calentar fuego vivo salteamos espinacas minuto moviendo enérgicamente cocinen igual repartimos espinacas platos hojas salteamos judías verdes dos minutos misma manera hechas ponemos encima espinacas repetimos misma operación espárragos champiñones salamos ligeramente cada tanda verduras finalmente tostamos queso sartén medio minuto cada lado colocamos ensaladas colocamos costrones pan tostado aliñamos vinagreta
171,http www cocinillas 2011 cocininos brocoli jamon bacon ingredientes personas brócoli 600 cebolla lonchas jamón cocido lonchas bacon sal cucharadas aceite cortamos brócoli arbolitos dejando mínimo tronco lavamos brócoli metemos olla abundante agua sal tiempo cocción aproximado brócoli puede comer crudo hecho recomiendo empezar verdura hacerlo bastante minutos puesto cruje cocido escurrimos reservamos lado cortamos cebolla fina note cocinarla jamón cocido bacon taquitos sartén dos cucharadas aceite echamos primero cebolla hacemos fuego lento transparente hecha introducimos jamón bacon subir fuego removemos frecuentemente haga igual doradito unimos brócoli mezcamos bien coja sabor comer
172,paquete fideos chinos trigo 250 gramos pechugas medianas 500 gramos total cucharadas almendras crudas peladas gramos pimiento rojo mediano 250 300 gramos cebolla mediana 250 gramos kilo champiñones frescos salsa soja aceite girasol sal pimienta negra agua primero vamos preparar todas verduras pollo pela cebolla córtala juliana tiras finas lava pimiento quítale semillas corta tiras menos finas largas fíjate foto receta lava champiñones córtalos rodajas fíjate enlace limpian cortan champiñones último coge pechugas córtala trozos pequeños tiras finas gusto pon sartén grande contener luego todas verduras cucharadas aceite girasol pon fuego medio añade almendras crudas deja almendras doradas lados subas fuego queman rápido almendras listas saca espumadera resérvalas salpimenta pollo sal fina pimienta negra molida gusto sube fuego sartén aceite aceite bien caliente añade pollo dóralo bien pollo cogido color sácalo espumadera reserva ahora dejamos aceite fuego medio añadimos pimientos quedas aceite verduras añade chorrito deja minutos luego añade cebolla deja minutos luego añade champiñones deja verduras punto menos minutos verduras casi listas pon calentar olla agua sal uso cucharada pequeña sal fina cada litros agua cuece fideos chinos siguiendo instrucciones vienen paquete lee final receta saber luego escúrrelos bien verduras deben listas así momento añadir pollo almendras reservadas añade salsa soja remueve bien luego añade fideos chinos varias tandas mientras mezclas cabe sartén puedes mezclarlo misma olla cocido fideos bien mezclado prueba crees necesario añade salsa soja listo cocina comer comer almendras crudas puedes usar almendras fritas aconsejo enjuagues pasándolas bajo grifo quitarles exceso sal supuesto fritas saltarte segundo paso receta doremos pollo importante aceite bien caliente pollo dore rápido demasiado tiempo fuego así queda pollo seco dentro usas pollo sartén grande mejor dorar pollo varias tandas vez vez así evitamos baje temperatura aceite pollo empiece soltar agua cocerse vez dorarse aceite girasol puedes usar aceite oliva suave ten cuenta comida china usa aceite oliva sabor aporta éste altera resultado final receta usé fideos chinos trigo huevo marca soubri vez normales huevo aunque parecidos puedes usar cualquiera dos receta recuerda tipos fideos chinos debes confundir fideos trigo fideos arroz fideos vermicelli celofán cocer bien fideos chinos mejor seguir instrucciones marca fabricante paquete uso cocinan siguiente modo pones agua hervir sal hirviendo añade fideos chinos aparta olla fuego deja fideos agua minutos luego escurre fideos chinos normalmente cuecen rápido así dejes tiempo marca fabricante cosa importante fideos chinos suelen venir varias láminas formadas solo fideo enrollado mismo añades láminas agua conseguirás fideo enorme incómodo manejar mezclar ingredientes comerlo rompiéndolo tenedor aconsejo receta rompas cada lámina varios trozos meterlas agua hirviendo última cosa montones salsas sojas artificiales naturales salsa soja puede resultar dulce extremadamente salada motivo recomiendo receta añadas solo soja seguramente menos necesites luego pruebes hace falta final rectifiques
173,ingredientes personas 350 macarrones cualquier pasta corta 300 champiñones frescos 300 salchichas butifarra frescas 100 ajos tiernos defecto diente ajo cucharadas leche evaporada cucharadita mostaza 100 vermut blanco limón queso parmesano rallado aceite oliva sal pimienta negra preparación poner calentar agua abundante sal cazuela grande eliminar capa exterior ajos picarlos rodajas finas lavar champiñones cortarlos láminas demasiado finas sacar carne interior salchichas saltearla sartén grande aceite fuego vivo desmigándola cuchara madera sacarla plato misma sartén saltear champiñones minutos removiendo vez añadir ajos rehogar par minutos mojar vermut dejar evapore alcohol par minutos añadir mostaza remover fuego sumar leche evaporada carne salchicha salpimentar mezclar reservar agua hierva cocer pasta según instrucciones fabricante escurrirla reservando unas cucharadas agua cocción mezclar pasta agua salsa zumo limón gusto servir inmediato parmesano rallado encima
174,ingredientes cuatro personas palometas medianas fileteadas cucharadita pimentón dulce diente ajo cucharadas pan rallado cucharada perejil picado 100 pimientos rojos asados queso feta aceite oliva sal cómo hacer palometa horno pimientos asados queso feta precalentar horno 200 grados salar filetes limpios palometa untarlos mezcla aceite oliva pimentón colocarlos fuente refractaria engrasada aceite mortero machacar diente ajo perejil cucharada aceite oliva pan rallado añadir encima pescado pimientos asados tiras queso feta cortado dados último mezcla pan rallado hornear quince veinte minutos
175,ingredientes caballas cebolla grande tomates maduros patatas sal ajo molido seco pimienta molida pebrella seca orégano aceite oliva cómo hacer caballa horno precalentamos horno 200º descabezamos quitamos tripas limpiamos caballas pelamos cortamos láminas rodajas finitas cebolla patatas lavamos troceamos gajos finos tomates base bandeja horno colocamos patatas cebolla tomate lecho verduras colocamos caballas salpimentamos espolvoreamos cucharadita pebrella ajo molido regamos chorro generoso aceite oliva horneamos minutos veamos verduras pescado bien asados
176,ingredientes 800 gramos corazones alcachofas partidos cuartos 100 gramos jamón cortado taquitos cucharadas uvas pasas semillas cucharadas piñones limón aceite oliva sal pimienta hervimos alcachofas agua sal tiernas congeladas tardarán alrededor minutos escurrimos reservamos sartén chorro aceite salteamos pasas jamón cuanto empiecen dorados añadimos piñones alcachofas hervidas enseguida sazonamos pimienta molida chorro limón dejamos saltear poquito listo servir
177,ingredientes personas 500 gramos carne guisar ternera cerdo kilo alcachofas vaso lleno guisantes frescos congelados 150 gramos cebolla mediana 250 gramos dientes ajo cucharadas tomate frito cucharada colmada harina celíaco lee final receta cucharadas aceite oliva vaso vino blanco 125 vasos agua litro cucharada pequeña tomillo seco sal pimienta negra acompañar patatas fritas caseras receta prepara alcachofas mira limpiar alcachofas quitando hojas verdes cortando puntas pelando rabillo corta alcachofas cuartos mételas agua limón perejil oxiden ahora prepara sofrito pela cebolla pícala fina pela ajos pícalos finos pon cucharadas aceite oliva sartén sofríe cebolla ajo añade media cucharada pequeña sal mientras hace sofrito vamos saltear carne corta carne tacos hacer guiso luego ponla bol grande añade cucharada pequeña sal pimienta negra molida luego espolvorea cucharada harina celíaco sáltate harina remueve bien toda carne quede cubierta harina capa fina coge cacerola olla hacer guiso pon cucharadas aceite quedan pon fuego fuerte aceite bien caliente salteando trozos carne tandas tanda coja color dore retírala plato añade tanda sigue así toda carne salteada resérvala plato ahora quedado costra fondo cacerola añade vino blanco sube fuego deja evapore reduzca vino mientras cuchara palo madera rascamos fondo cacerola suelte costra llama desglasar reducido vino mitad menos añadimos agua tomillo tomate frito alcachofas guisantes carnes reservadas sofrito ajo cebolla listo añadimos cacerola dejamos fuego medio carnes blandas horas dependiendo temperatura tipo carne vigila cocción quede guiso agua necesario añade ten cuenta final debe quedar poquito caldo carnes blandas probamos sal necesario añadimos sal pimienta listo cocina comer comer alergia intolerancia gluten celíaco puedes preparar receta siguiente forma cambia cucharada harina trigo cucharada pequeña rasa maicena fécula maíz haz receta tal viene pasar carne harina luego guisando carne paso añade maicena disuelta medio vaso agua así conseguiremos caldo engorde poquito usar harina trigo importante añadir toda carne golpe cacerola salteando paso hicieras así temperatura aceite bajaría carne empezaría soltar jugo vez dorarse cocería puedes usar carne cerdo ternera dos queda bien combinación ternera alcachofas suele gustar recomiendo único problema ternera dependiendo calidad carne suele tardar hacerse guiso mas tiempo fuego ten cuenta cantidades receta pensadas acompañar guiso unas patatas fritas alguna guarnición guiso puede comer tal acompañas patatas puede queden platos cortos verduras debes tener cuenta kilo alcachofas quedará aproximadamente medio kilo limpies usas guisantes bote lata blandos congelados frescos añadas receta casi terminada deshagan
178,ingredientes personas 250 guisantes frescos congelados cebolla pequeña hojas menta aceite oliva virgen extra 100 caldo verduras pimienta molida pizca sal comenzamos picando cebolla bien pequeña luego noten demasiado trocitos plato final calentamos aceite oliva sartén pochamos fuego lento cuanto transparente añadimos guisantes pueden ser frescos congelados conserva sirven receta pues cocidos continuación añadimos hojas menta cortaremos trozos mano aporten sabor rehogaremos junto par minutos hojas menta irán oscureciendo ablandando añadimos caldo verduras dejamos cocer sartén minutos prácticamente consumido tiempo guisantes quedarán punto tiernos color verde intenso hojitas menta quedarán blandas trocitos espinacas último toque damos añadiendo dos vueltas pimienta recién molida subiendo fuego saltear ingredientes sabores integren quedando plato bien sabroso aroma refrescante menta
179,pechugas pollo grasa calabacines pequeños dientes ajo cucharadas aceite oliva virgen ramitas albahaca fresca sal aceite vinagre limpiamos pechugas salpimentamos hacemos plancha retiramos cortamos loncha finas limpiamos hojas albahaca secamos papel absorbente picamos pelamos ajos cortamos rodajitas finísimas sartén pequeñita ponemos cucharadas aceite oliva doramos ajos retiramos ajos espumadera dejamos escurrir papel absorbente suelte exceso aceite lavamos calabacines secamos retiramos extremos rallamos rallador agujeros gruesos bol mezclamos hojitas albahaca picadas distribuimos junto pollo fileteado platos preparamos vinagreta cucharadas aceite vinagre rociamos ensalada vinagreta espolvoreamos chips ajo
180,ingredientes bolsa 300 gramos mezclum lechuga escarola rúcula canónigos etc 150 gramos queso emmenthal peras cucharadas mostaza hierbas cucharadas aceite oliva cucharadas vinagre sal pimienta lavamos preparamos hojas mezclum repartimos platos serviremos ensaladas limpiaremos partimos láminas finitas peras hace falta pelemos repartimos láminas pera mezclum ensalada comprado peras demasiado grandes utilizaremos dos tres solamente partiremos queso lascas finas podemos perfectamente ayudamos pelapatatas claro repartimos queso emmenthal platos ensalada recipiente pequeño biberón cocina preparamos vinagreta mezclamos mostaza aceite vinagre agitamos bien quede bien unido aliñamos ensaladas salpimentamos gusto queremos convertirla plato completo solo añadirle unas legumbres hervidas frutos secos
181,ingredientes huevos latas atún aceite oliva palitos surimi hechos hilitos mayonesa casera admita cucharadas tomate frito depende cantidad huevos hagan lechuga adornar agua sal vinagre cocerlos preparación olla pone agua sal chorreón vinagre ponen huevos cocer empiecen hervir dejan minutos sacan pasándolos cacharro agua fría cortar cocción enfríen pelan parten mitad largo sacan yemas reservan bol mezcla atún machacado surimi yemas machacadas reservando par decorar junto mayonesa tomate quede jugosita mezcla mezcla rellenan mitades huevo fuente pone cama lechuga picadita alto colocan huevos rellenado relleno quede hacia abajo arriba cubren mayonesa adornan yemas reservado rallándolas decoración hace cada guste
182,ingredientes cuatro raciones ensalada 175 garbanzos secos 400 conserva escurridos tomates ensalada tomates cherry variados cebolleta pequeña 200 atún conserva 100 mezclum lechugas aliño cucharada sopera mostaza cucharadas soperas aceite oliva cucharadas soperas vinagre blanco sal cómo hacer ensalada garbanzos atún vinagreta mostaza día anterior mañana poner remojo garbanzos noche pasado ocho diez horas cocerlos cuarenta minutos escurrirlos dejarlos enfriar fuente nevera poner plato grande cama mezclum lechugas añadir garbanzos desmenuzar atún trozos medianos tomates picados trozos bien mitades tomates cherry esparcir aros cebolleta bol mezclar mostaza vinagre aceite oliva sal remover cuchara amalgamen ingredientes forme vinagreta espesa extenderla encima ensalada justo momento servir
183,ingredientes personas filetes dorada langostinos pueden ser cocidos tomates rama mango pimiento verde pequeño pepino cebolla dulce pequeña limas limón cilantro perejil fresco sal pimienta negra cómo hacer ceviche dorada langostinos mango ayuda cuchillo afilado quitar piel filetes dorada extraer espinas pueda tener cortar piezas bocado pelar langostinos mezclar pescado cuenco lavar trocear tomates cubos desechando semillas trocear pepino pimiento verde eliminando semillas filamentos cortar mango cubos cebolla rodajas incorporar pescado exprimir zumo limas limón repartir mezcla ingredientes añadir cilantro perejil fresco picado groseramente mezclar bien cubrir papel film dejar reposar nevera mínimo minutos salpimentar gusto
184,ingredientes hacer ensalada lentejas personas tarro grande lentejas cocidas 400 gramos escurridas queso fresco mediano tomate grande zanahoria grande cebolla pequeña puñado aceitunas anchoas unas aceitunas cucharadas maíz lata pizca orégano aceite oliva vinagre sal fina receta hacer ensalada lentejas cuatro personas abre tarro lentejas ponlas colador mete colador bajo chorro agua grifo enjuaga bien lentejas luego deja escurran bien toda agua pela zanahoria córtala taquitos pequeños ver corta zanahoria taquitos pela cebolla pícala fina lava tomate córtalo trocitos pequeños fíjate fotografía corta rodajas aceitunas pon fuente lentejas bien escurridas añade cebolla zanahoria tomate aceitunas añadas deja decorar luego añade lentejas chorrito aceite oliva chorrito vinagre pizca sal orégano mezcla bien prueba hace falta añade sal aceite vinagre gusto vas servir platos individuales reparte lentejas centro platos luego corta queso fresco cuadraditos rodea lentejas cada plato último añade encima zanahoria cebolla tomate aceitunas reservado quieres dele último toque aceite orégano listo cocina comer http www javirecetas com ensalada lentejas
185,ingredientes dos personas ensalada 125 canónigos lonchas jamón pato 175 perdiz escabechada sal aceite oliva virgen extra reducción módena 300 vinagre módena azúcar moreno cómo hacer ensalada canónigos jamón pato perdiz escabechada lavamos escurrimos canónigos colocamos jamón pato plato atempere hacer reducción cazo echamos 300 vinagre módena azúcar moreno ponemos fuego medio dejamos removiendo continuamente veamos consistencia espesa debemos tener cuenta vez fría tomará cuerpo ensaladera colocamos cama canónigos encima repartiremos lonchas jamón pato centro migas perdiz escabechada aliñamos sal reducción módena unas gotas aceite oliva virgen extra tiempo elaboración minutos dificultad fácil degustación aunque vez acompaño ensalada canónigos jamón pato perdiz escabechada reducción módena podéis utilizar pedro ximénez hacer reducción ambas perfectas contrastar sabor jamón ácido escabeche http www directoalpaladar com recetas ensaladas ensalada canonigos jamon pato perdiz escabechada receta
186,limpia naranja corta gajos coloca plato forma corona seguidamente ponemos lollo rosa hoja roble bacalao ahumado cortamos rúcola troceamos naranja trocitos esparciéndola encima aceite licuamos mango juntamos mostaza aceite
187,macarrones integrales pesto jamón ibérico nueces ingredientes personas 320 macarrones integrales personas cucharadas soperas salsa pesto aceite oliva virgen extra manojo albahaca 100 piñones 100 parmesano nueces lonchas jamón ibérico trozo extra queso parmesano cómo hacer macarrones integrales pesto jamón ibérico nueces comenzamos poniendo macarrones cocer siguiendo indicaciones fabricante normalmente pasta integral tarda normal siendo necesario cocida dente tiempo aproximado minutos vez cocida pasta integral podéis observar cuánto aumentado tamaño mientras cociendo pasta preparamos salsa pesto triturando albahaca piñones queso parmigiano reggiano aceite oliva virgen extra vez cocida pasta escurrimos bien añadimos dos tres cucharadas pesto mezclamos bien macarrones ligero baño color verde gracias albahaca aceite oliva así encontraremos macarrones blancos aspecto insulso vamos picando nueces procurando trozos hermosos hacemos tiritas lonchas jamón ibérico servimos cada plato par cucharones macarrones aliñados completamos cucharada media salsa pesto unas tiritas jamón tres cuatro trozos nuez finalmente preparamos unas virutas queso parmesano utilizaremos decorar cada plato llevarlo inmediatamente mesa tiempo elaboración minutos dificultad fácil
188,ingredientes ensalada higos ligeramente maduros queso cabra cremoso nueces manojo rúcula manojo espinacas frescas vinagreta cucharadita mostaza dijon cucharadita vinagre balsámico cucharadita zumo limón cucharada colmada melaza miel caña cucharadas aceite oliva virgen extra cucharadita sal pimienta negra cómo hacer ensalada higos queso cabra nueces vinagreta melaza cuenco pequeño mezclar mostaza vinagre balsámico zumo limón melaza sal pizca pimienta negra recién molida incorporar aceite suavidad batiendo ligeramente mano conseguir textura homogénea lavar secar higos cuidado quitarles rabito trocearlos cuartos lavar escurrir bien rúcula espinacas troceándolas hojas grandes abrir nueces trocearlas disponer fuente hojas rúcula espinacas mezcladas distribuir encima higos nueces queso cabra desmenuzado groseramente aliñar vinagreta gusto salpimentar necesario tiempo elaboración minutos dificultad fácil
189,ingredientes 350 lentejas endivias vinagre manzana pimiento verde manzana 100 jamón serrano nueces aceite sal cortar juliana endivias reservando seis hojas grandes enteras momento montar plato trocear manzanas pimiento verde nueces bol mezclaremos ingredientes junto lentejas reservamos preparamos vinagreta vinagre manzana aceite sal situamos hojas enteras endivia plato forma radial aspecto flor centro colocamos lentejas aliñamos vinagreta finalizamos plato poniendo jamón troceado mezcla
190,ingredientes personas 140 gramos arroz redondo arborio mejor encuentres redondo grano corto 250 gramos gambas encuentras usa langostinos 250 gramos espárragos verdes frescos gruesos finos conserva usa solo 100 gramos gramos queso parmesano puedes usar queso curado gramos mantequilla sal cebolla mediana 200 gramos pimiento rojo mediano 150 gramos puerro limpio gramos parte verde zanahoria mediana dientes ajo medianos 100 brandy unas cucharadas aceite oliva unas cucharadas litro agua cucharadas pequeña sal receta varias fases mejor cortar preparar principio así podremos hacer pasos receta risotto seguido así pela cebolla córtala mitad mitades picarla finamente resérvala plato mitad pícala hace falta tan fina reserva ésta bol iremos añadiendo demás verduras haremos caldo pela ajos pícalos bien finos ponlos plato cebolla picado fina corta pimiento rojo trozos pequeños corta puerro mitad largo luego corta juliana tiras finas pela zanahoria córtala trozos pequeños añade pimiento puerro zanahoria bol cebolla caldo pela gambas tires cabezas pieles mete gambas peladas frigorífico bien cubiertas estropeen espárragos gruesos prepararlos risotto finos conserva sáltate paso cuchillo corta parte final tallo grueso suelen encallecidos tira trozo luego pelador verduras pela patatas cuchillo bien afilado quita piel verde espárrago vea parte blanca interior tires restos resérvalos parte solo queda cortar espárragos varios trozos fíjate fotografía ahora podemos empezar receta cacerola pon cucharadas aceite oliva cabezas pieles gambas pon fuego medio tuesten cáscaras ayuda cucharón cazo estruja cabezas suelten jugo deja así minutos continuación añade brandy sube fuego reduzca brandy evaporé alcohol haces luego sabrá feo alcohol reducido brandy mitad añade agua cucharada pequeña sal piel espárragos pasa deja fuego fuerte hierva hierva empezará soltar espuma quitaremos espumadera continuación bajaremos fuego dejaremos fuego medio bajo minutos ahora vamos preparar crema verduras incorporaremos caldo preparando así risotto sabor verduras bueno sartén pon cucharadas aceite oliva añade bol verduras reservadas caldo cebolla zanahoria pimiento puerro cucharada pequeña sal rehoga fuego medio minutos luego pasa vaso batidora espera caldo preparado caldo lleve minutos pásalo cacerola colándolo quede bien limpio tira restos gambas espárragos pon cacerola caldo filtrado fuego medio fuerte hierva añade espárragos limpiado conserva sáltate paso dejar fuego minutos dependiendo grosor espárrago recomiendo saques vez algún espárrago pruebes gusto punto saca espumadera resérvalos ahora añadiremos par cazos caldo vaso batidora verduras acabamos rehogar tritura bien debe quedar fino luego incorpora toda mezcla caldo remueve bien prueba sal importante caldo punto sal buen sabor risotto así añade sal encuentres punto recuerda final añadamos queso rallado éste aportará sal así pases luego deja caldo fuego medio necesitemos risotto pon cazuela cacerola baja diámetro cucharadas aceite oliva quedan pon fuego medio fuerte añade gambas cojan color dejes sequen gambas gambas doren sácalas cazuela resérvalas ahora baja fuego medio añade mantequilla funda mantequilla añade plato cebolla ajos finamente picados deja poche ablande bien cebolla queme luego añade arroz remueve bien par minutos continuación añade cazos caldo bien caliente deja fuego medio remueve constantemente arroz suelte almidón ponga mas cremoso risotto arroz absorba casi caldo añade cazo caldo caliente sigue removiendo repite operación arroz punto ésto puede llevar minutos dependiendo tipo arroz además fuego demasiado bajo caldo caliente tiempo prolongará aún arroz punto añade espárragos gambas queso rallado remueve bien solo queda servir
191,ingredientes dos personas 200 macarrones zanahoria puerro calabacín dientes ajo guindilla cayena lonchas jamón serrano salsa tomate casera orégano albahaca aceite oliva virgen extra sal queso rallado echamos aceite fondo cazuela guindilla lavamos limpiamos troceamos zanahoria puerro calabacín gusta dejarlo piel desechando zonas golpeadas marcadas saco ayuda puntilla rehogamos primero zanahoria luego añadimos calabacín puerro pelamos troceamos agregamos cazuela dientes ajo rehogamos verduras casi pochadas troceamos jamón damos unas vueltas sacamos guindilla vertemos salsa tomate gusto añadimos albahaca orégano bajamos fuego mínimo dejamos haga minutos conjunto mientras cocemos macarrones preparamos pasta cociéndola abundante agua salada unas gotas aceite macarrones peguen coceremos minutos indique fabricante dejarla punto guste escurrimos pasamos agua fría mezclamos salsa dejamos par minutos fuego mínimo unan sabores servimos inmediatamente acompañada queso rallado
192,ingredientes personas 800 filetes finos ternera cortados tiritas calabacín mediano zanahorias cebolletas pimiento verde dientes ajo ramita perejil aceite oliva sal pimienta empezamos lavando calabacín secándolo despuntándolo raspamos zanahoria lavamos lavamos pimiento limpiamos eliminando tallo semillas nervaduras blancas interior cortamos todas hortalizas bastoncitos limpiamos cebolletas eliminando primera capa extremo raíces lavamos cortamos trozos medianos cortamos filetes ternera tiras finas reseramos ingredientes separado calentamos aceite wok sartén grande profunda salteamos primer lugar pimiento par minutos salpimentamos retiramos sartén repetimos mismo proceso resto verduras finalmente unimos todas rehogamos vez reservándolas añadimos tiras carne ternera misma sartén perejil picado salteamos empiece dorarse salpimentar incorporar verduras rehogamos minuto servimos caliente puede añadir salsa soja carne dará toque oriental plato
193,exprimimos dos mandarinas naranja cortamos pelitos cáscara reservamos decorar fuente ensalada platos cuatro comensales picamos perejil hierbabuena mezclamos bol cus cus añadimos zumo naranja mandarinas granos rehidraten intenso sabor cítrico lugar usar agua dejamos minutos removiendo absorba líquido mientras picamos cuadraditos pequeños tomate pepino cebolla pimientos reservándolos momento mezclar cus cus bien hidratado terminar pasamos mezcla bonita ensaladera servimos
194,ingredientes dos personas 500 pechuga pollo 150 setas shiitakes pistachos salsa soja 300 cerveza cucharadas soperas aceite girasol sal pimienta comenzaremos cortando pechuga pollo dados bol añadimos setas limpias pimienta salsa soja dejamos macerar hora revolviendo preparación vez ponemos calentar cazuela fondo grueso aceite girasol sofreímos carne setas escurridas marinada veamos carne sonrosada agregamos pistachos dejamos hagan minuto dos añadimos cerveza permitiendo reduzca líquido minutos rectificamos sal puede acompañar arroz basmati
